[
    {
    "id": 1,
    "id_cliente": 1,
    "id_destino": 2,
    "cantidad": 2,
    "total": 144000
    },
    {
    "id": 2,
    "id_cliente": 3,
    "id_destino": 1,
    "cantidad": 1,
    "total": 85000
    },
    {
    "id": 3,
    "id_cliente": 4,
    "id_destino": 5,
    "cantidad": 1,
    "total": 95000
    },
    {
    "id": 4,
    "id_cliente": 2,
    "id_destino": 3,
    "cantidad": 3,
    "total": 207000
    },
    {
    "id": 5,
    "id_cliente": 5,
    "id_destino": 4,
    "cantidad": 2,
    "total": 154000
    }
]